sigma_list,depth_list,toi_list
0.00010015834642269234,0.98537879404,112.01
3.2099984331183964e-05,0.993014910824,114.01
0.0004438851230089341,0.98329844975,116.01
0.0002741520075266677,0.993821607579,129.01
0.00013209664132395952,0.98901,135.01
0.00019212730888517842,0.9931705763500001,143.01
5.8828155191723716e-05,0.993510269765,150.01
9.783532204108048e-05,0.98708,157.01
0.00011100877431345994,0.98875588245,159.01
5.5810803714846326e-05,0.992759709757,163.01
