input_value,output_value,vary_flags
0.536904,1.000000,True
0.045921,0.999747,True
-0.000056,-0.000056,False
2.438902,2.438902,False
0.154167,0.279877,True
7.863801,13.482585,True
0.900000,0.986989,True
1.000000,1.000000,False
1.365031,0.216022,True
2.762236,0.012248,True
1.000000,1.000000,False
2.673094,2.262992,True
2.494145,1.908000,True
0.000000,0.000000,False
0.000000,0.000000,False
0.000000,0.000000,False
0.000000,0.000000,False
